Date,Close,High,Low,Open,Volume,returns,volatility_20d,momentum_10d,volume_anomaly,trend_ema_20,trend_ema_50,bb_width
2023-02-01,394.8877258300781,397.64658154980566,386.765052627041,389.51425697208833,101459200,0.010627628506931108,0.010432596775638089,0.04932415452108896,1.266610347461697,0.03372066434134907,0.052883455768121014,0.08178813647155175
2023-02-02,400.63616943359375,402.106904238457,396.88724045408844,398.7905270630348,101654500,0.014557159484843485,0.010675357820400487,0.072406285677316,1.2567167703376048,0.04392006989894362,0.06536069402000966,0.08817944646867117
2023-02-03,396.37774658203125,400.818787510041,395.1665429342146,395.6471755772544,94736800,-0.010629152274451159,0.010616323262326434,0.04160357717706753,1.1584735684178238,0.029605431589613738,0.051807936554317945,0.08207041141021379
2023-02-06,393.95538330078125,395.35885189681073,392.292412944782,393.91695380659627,60295300,-0.006111249438542021,0.009884467932499209,0.022963796369097622,0.7576447349324695,0.02104621675366785,0.04352301105192139,0.08032275745235964
2023-02-07,399.1077575683594,400.3573907721146,391.7829203949697,393.032553598725,90990700,0.013078573071926503,0.01010990417682442,0.03745617691160841,1.1312582692863815,0.031022214797589785,0.05480593624386127,0.08051061936955503
2023-02-08,394.7435607910156,398.47327457670247,394.0514486520687,397.12750912194093,76227500,-0.010934883360657954,0.010564183970664637,0.025727487843483,0.9413516118535405,0.017833793726465073,0.041504394621142617,0.07789513249521555
2023-02-09,391.3215026855469,398.51177797014213,390.091084227083,398.3579719958979,78694900,-0.008669066313865548,0.010568353218640988,0.005781184235646775,0.965968693712106,0.008145028615138205,0.031162287269174235,0.07627946400615683
2023-02-10,392.2347106933594,392.61921095554237,389.32207793747637,390.13912999380653,70769700,0.002333651490003419,0.010558424819269894,0.005817469138763576,0.8791492055573099,0.00948842164415375,0.03220984099493746,0.07518766874524227
2023-02-13,396.83917236328125,396.9737635969899,392.42696780662374,392.8883857479932,64913500,0.01173904691347305,0.010797927244429328,0.030554881478817464,0.805894144168191,0.019267425170242384,0.04251478295631313,0.07624441936165456
2023-02-14,396.65655517578125,398.9731788953455,392.6865245158335,395.31076019339895,88389300,-0.00046017933767084074,0.010777825335773662,0.015154555250789015,1.0801045824218338,0.01697766203844763,0.040320141236679374,0.07613689809203629
2023-02-15,397.9446716308594,398.0215599573254,393.60935517208264,394.4552734406725,61555700,0.003247435188628911,0.009942502395236748,0.00774130366892356,0.77011827445925,0.018313409060212053,0.04191302130618547,0.07065809729144155
2023-02-16,392.4654235839844,396.9160869350225,392.33086168681325,392.95567830940917,76431500,-0.013768868984776028,0.010386222778709493,-0.02039442884340903,0.9625670402255206,0.0038819996041968914,0.02645739428778406,0.056893030076368804
2023-02-17,391.48492431640625,391.72524064683955,388.3992415120903,390.33139419613065,89257800,-0.0024983073887738794,0.009714159639451993,-0.012343836927819152,1.1259064647116248,0.0012429745846061276,0.022934519082076492,0.04995672593391252
2023-02-21,383.6313781738281,388.5050004519839,383.37184709473024,387.4476027187317,82655900,-0.020060915899358434,0.010497638755367371,-0.026206026277526107,1.0436318726034244,-0.017078966078177993,0.0023186485940609844,0.05124632174735558
2023-02-22,383.1027526855469,385.5924267589581,381.6416103809543,384.0447740814085,83742300,-0.0013779516440954875,0.010499285086051803,-0.04010196389147147,1.0414269221363242,-0.016707153794228116,0.000900704067218915,0.05266739314391863
2023-02-23,385.14056396484375,386.6209207613312,380.901380412736,386.0056968797559,96242400,0.005319229018877714,0.010570397719075456,-0.02432717789475447,1.1884239722747503,-0.01039512812320187,0.005979157755155022,0.052439762640588146
2023-02-24,381.02630615234375,381.86260218592025,378.39244888145026,380.1034997706889,108194400,-0.010682483740859783,0.010505007277240108,-0.026308793313297718,1.3070339340242287,-0.019007705146331832,-0.004581105723480468,0.05809411232496098
2023-02-27,382.3240966796875,385.74619914411034,381.38204603041686,384.3811893735747,80444700,0.0034060391799428658,0.010526179178842188,-0.025267049915477235,0.9647556749690092,-0.014195548505790643,-0.001144030447298983,0.06201578949294067
2023-02-28,380.9110412597656,383.81405224104327,380.8052868100692,381.8434698821235,96438600,-0.0036959622273187165,0.010193153968289547,-0.040137497033519764,1.1413483527047206,-0.01616755587699459,-0.004647007810848718,0.06507023975715993
2023-03-01,379.44989013671875,381.32436937882426,378.1425832891619,380.0939508547448,99706800,-0.0038359379613005506,0.009561819733245928,-0.04337925294449563,1.171091286917471,-0.018076618798366764,-0.008135855466146773,0.07057744521576532
2023-03-02,382.4009704589844,383.2468886693395,377.1332257261761,377.46967446922514,85127800,0.00777725965661058,0.009392530407484646,-0.039059955516362876,1.009538206458567,-0.009455066145319914,-0.0004053332358328048,0.07238617104410701
2023-03-03,388.53387451171875,388.78381290959834,383.5737413980239,384.2273948465631,90120000,0.016037888307064874,0.009531101425218102,-0.0100175680098461,1.076101075169696,0.005815127532158426,0.015004073642744498,0.06790520739786123
2023-03-06,388.802978515625,391.66755968109305,388.3608046899115,389.36049948409084,72795900,0.00069261400758025,0.009292924690500672,-0.006850700076035721,0.8807759637704827,0.00588794916476908,0.015081825912361064,0.06589593750003894
2023-03-07,382.84307861328125,388.9951993290496,382.22788414299583,388.75488303032387,108310600,-0.01532884322310879,0.00977959468181373,-0.002054835984218406,1.2734857525822894,-0.008631255820532549,-0.00045945976390953606,0.06638988203208793
2023-03-08,383.4679870605469,384.2273655669412,381.228222362903,382.95851759749536,74746600,0.0016322835181692419,0.009206828518587711,0.0009533587854426706,0.8873232773763999,-0.006349391216949513,0.0011260583500075359,0.06226547423498832
2023-03-09,376.3930358886719,385.9288005055939,375.4029338100162,384.2561789471598,111945300,-0.01844991344937985,0.009730979314859717,-0.022712559762908646,1.3013235754572974,-0.022384095028251217,-0.016675791746010266,0.06522717227455839
2023-03-10,370.9619445800781,377.9311189281999,369.4335360708871,375.84516004328316,189253000,-0.014429308703256982,0.010009660966595784,-0.026413823428353078,2.0671619839590774,-0.03313027584354915,-0.0296900445176614,0.07398907858922533
2023-03-13,370.4331970214844,375.2683898395796,365.9056454879313,367.0207168016272,157790000,-0.0014253417805222268,0.009946842323423105,-0.031101622318525646,1.6453064788673943,-0.0313248312780869,-0.029890939812296,0.08053386653143951
2023-03-14,376.5564880371094,378.20986562096294,372.05774388118834,375.3741210898015,149752400,0.016530081712060607,0.0103645447370663,-0.011431942766097491,1.4953549875905,-0.013874446976993436,-0.013318862660215224,0.07712553370338841
2023-03-15,374.2013854980469,374.4032430136639,368.84713029743835,370.9427111182641,172996900,-0.006254314064110367,0.01038347089338919,-0.013831878134898945,1.6574485010504867,-0.018167903508774414,-0.018739890561567687,0.07347415885574479
2023-03-16,380.7668151855469,381.1128859764341,371.327211458966,371.8366809364042,143254200,0.017545177388270883,0.011279493571592435,-0.004273407756983705,1.3207978159392895,-0.0008518963377154905,-0.0014638499287876888,0.06322241667007734
2023-03-17,376.3146057128906,380.5699682371999,374.92509838056725,379.43135317104435,140553400,-0.011692745520606063,0.011175950207463705,-0.03144968714551444,1.2586896064126691,-0.01135445643565621,-0.012630713611828442,0.05867306464321177
2023-03-20,379.93316650390625,380.34811057251835,376.39187462943624,377.0962577194371,93055800,0.009615786196128795,0.011474077847665683,-0.02281312773266808,0.8319223718635553,-0.0016721606117278355,-0.003013756976307554,0.05265418232408563
2023-03-21,384.9218444824219,385.4043115062477,381.70859761316973,383.31039166596554,91524200,0.013130409288614642,0.011029870544120728,0.005429811808718821,0.8149990340585308,0.010335864286408558,0.00967807624568662,0.053196431095798774
2023-03-22,378.3602600097656,388.376279731483,378.3216838515816,384.7481478831017,111746600,-0.01704653702228609,0.01168666813896144,-0.013319826486519082,0.9828198738469435,-0.006235061199174743,-0.007240148451868818,0.05300814668268218
2023-03-23,379.38311767578125,385.28850910550153,376.6619967001418,381.23577448444496,119351300,0.002703396138878933,0.01163194375265943,0.007944041206952024,1.0391437757511237,-0.0032116519209815595,-0.0043784282137673694,0.051624230149687346
2023-03-24,381.87261962890625,381.95946015274023,375.7452830138486,378.0997242626186,107682400,0.0065619734699224885,0.011490412623945944,0.029411844552353683,0.937756371221501,0.0030112208817029977,0.0020701366798611866,0.05176451405185897
2023-03-27,382.5866394042969,384.93145120313267,381.6892579286953,384.1594864009113,74010400,0.001869785207655017,0.011472788741192794,0.032808729024649486,0.6463332597140936,0.004419185817999719,0.0037885481338875964,0.051836849987853977
2023-03-28,381.7279357910156,382.5867118272092,379.88490812660376,381.8919580974175,62871700,-0.002244468376152109,0.011452105402683384,0.013733524499507821,0.5572261893836259,0.0019582236829211066,0.0014752689569606154,0.051954693474508096
2023-03-29,387.27630615234375,387.5175396768628,384.69991915360174,385.9060867761969,77497900,0.014534881629322705,0.01184396656926653,0.03494086649864925,0.6936839572600334,0.014924601606447666,0.015393225940608974,0.05461398773054146
2023-03-30,389.54388427734375,390.1710855147399,387.67190988130295,389.92019324080144,69840000,0.005855194570328237,0.011794527238392777,0.02305103475868764,0.6294447664470609,0.01884238546861917,0.020484603291228386,0.05853029842488139
2023-03-31,395.0343322753906,395.3334594504177,390.36402594491756,390.47018399433404,112062600,0.014094555760341132,0.011671412622295773,0.04974488440871783,1.0000940634201638,0.02994567931146197,0.033454767600707105,0.06511564994101325
2023-04-03,396.53961181640625,396.9448675779732,394.11761821973766,394.5132446662317,67391100,0.003810503082973149,0.011689379747556851,0.04370885928520085,0.6028806831021359,0.030546014983600097,0.035873763165320594,0.0724782492889722
2023-04-04,394.3396301269531,397.4756659402077,392.95975198905785,397.1861680428209,66601500,-0.0055479493697383475,0.01116069521127775,0.024466747677557077,0.6071440926962347,0.022410975871470624,0.028911188396712032,0.07839526018905801
2023-04-05,393.30712890625,394.36856226217395,391.6474411444736,393.60625610917623,65200200,-0.0026183044812684297,0.011199243524977571,0.03950433086206928,0.5969673146290557,0.017821071343816386,0.025163189792328684,0.08259584104098378
2023-04-06,394.84136962890625,395.12120875106916,391.45444166145506,392.50621625119436,63743300,0.0039008718883963844,0.01019172081354301,0.04074575602580066,0.5967973937014358,0.019675250149037753,0.027986597653352586,0.08570744827128308
2023-04-10,395.2466735839844,395.3238848086167,391.7343284970211,392.35187105680905,63681000,0.0010264981996670475,0.009400133995482906,0.03502229085728814,0.6334505268036233,0.01871149889967191,0.02787118662774924,0.08388941690288608
2023-04-11,395.352783203125,396.76157868174016,394.5808477361319,395.87385583944314,59297900,0.0002684642939014825,0.00936366251687692,0.03336798122042506,0.6202336805300602,0.017145891222210788,0.027013506433905838,0.07949019593682194
2023-04-12,393.7413635253906,397.71691691277425,393.15276783554935,397.4274190026867,86420400,-0.004075903208973886,0.008956365086398518,0.03147117778917807,0.9348897014835923,0.011747453389281804,0.02191268660641901,0.07785350110188041
2023-04-13,398.9712829589844,399.3283038460065,393.68343376221134,394.83170763787456,85814800,0.013282626409294007,0.009042500875501566,0.030198017851472025,0.9742820833347762,0.02273291011289488,0.03404736757241911,0.07616787138323235
2023-04-14,397.9966735839844,400.5344547422886,395.6808378490979,398.3344063770291,78161500,-0.0024428058274564846,0.0084654034306664,0.02169919654192931,0.9214398045868336,0.018272257579625844,0.030247867284981397,0.07718664308438582
2023-04-17,399.4248046875,399.4440927674988,396.6747367439795,397.90985115526007,66436400,0.003588299094701597,0.007804635814228906,0.011114154020032574,0.8189936951080227,0.019796581544270695,0.032570183596395456,0.07429762922298563
2023-04-18,399.68536376953125,401.1424237509895,398.30551501021085,401.00731883597473,63560000,0.0006523357562511212,0.007661591713989498,0.007933008101549843,0.7980437131080563,0.018477078349090615,0.03189850359940835,0.07306825688712597
2023-04-19,399.6177978515625,400.52480875839643,397.70721784941026,397.76511153607095,55227300,-0.00016904776630177754,0.007263130465951891,0.013384826990150867,0.7095896224478724,0.016532760624359315,0.03044211009389829,0.07391392349874833
2023-04-20,397.43701171875,399.1931986267538,395.88345270091645,396.79049299637126,75840400,-0.005457179696542358,0.006029507804916344,0.010500401617394628,0.9974458340383303,0.00992874634677243,0.02382233001725033,0.06735386259349514
2023-04-21,397.7458190917969,398.2089685800001,395.7870041880718,397.73616032830944,73457400,0.0007769970182480712,0.006041121703050609,0.00735599075046367,0.9961688317764423,0.009683248538225267,0.023629619384252114,0.059991608134888574
2023-04-24,398.1607666015625,398.5853399658447,396.2019515357637,397.5431946362604,64332100,0.0010432479484336898,0.0059657805809026345,0.00737284640792546,0.8988395595815957,0.009704142516024422,0.023706028728676335,0.053646471388329266
2023-04-25,391.8404235839844,396.7423052676906,391.78252989419235,396.18262700309856,97766700,-0.015873846817014092,0.007195569695767486,-0.008884115069795917,1.3436835874992665,-0.005724932720374278,0.0071613948463068846,0.04611884463525006
2023-04-26,390.18072509765625,393.5387062510406,389.62107629581755,392.4579848078688,80447000,-0.004235648969413641,0.007259522080343853,-0.00904308959529665,1.0924513818938952,-0.008998530933402853,0.0027815512923422088,0.03590241679950365
2023-04-27,397.94842529296875,398.2186056288377,392.47723668231237,392.72812893970786,92968400,0.01990795468783957,0.007856910612812304,-0.0025637375663470907,1.2493653620023517,0.00969843870503508,0.0218334503808987,0.030740660046241375
2023-04-28,401.344970703125,401.35462946580685,397.0027679286983,397.06066160989485,89433100,0.00853513971730302,0.007959269067420295,0.008412877145401731,1.1862388069421812,0.016543083099314806,0.029321574563497023,0.029220804159842417
2023-05-01,400.9397888183594,402.97578569300146,400.70818460344674,400.9011832079652,62122300,-0.0010095601398860676,0.007400649796843353,0.0037929144937423054,0.8522145646472453,0.014018313018702997,0.027143193412097734,0.030678191336085608
2023-05-02,396.4334411621094,400.27388869700667,393.5193513762233,400.2256243333907,103998500,-0.011239462338050843,0.007827831708604197,-0.008136206381820443,1.3917402504178291,0.0023710535600008826,0.014977782078002704,0.030683118324272222
2023-05-03,393.7123718261719,399.3572417840884,393.4711383189741,396.9352479486394,91531800,-0.006863874369329004,0.00788239755996526,-0.014777685221077586,1.2048092702544126,-0.004081410475106575,0.007694523909423155,0.03097797610394996
2023-05-04,390.92376708984375,392.9887108063429,389.58249452022886,392.66063673727115,94901900,-0.007082847621459387,0.008020953995728783,-0.01638811795796058,1.225218704906496,-0.01008553636334178,0.0005353153666884366,0.032796519226818185
2023-05-05,398.1607666015625,399.21254124798133,394.31068892506715,394.57121053373714,87891800,0.01851255953454345,0.009023917455737454,0.0010432479484336898,1.1172989200279388,0.0074496758171844054,0.018296746511012516,0.032696447836683525
2023-05-08,398.2668762207031,398.74934325278616,396.8580807323069,398.48882165654356,50046800,0.00026649943450296476,0.009022994079337779,0.00026649943450296476,0.6417669531720607,0.006977968427321326,0.017826979447615392,0.032653375104726046
2023-05-09,396.520263671875,397.6395904821788,396.28868896886195,396.71326222268215,49220100,-0.00438553305110978,0.009086872399913076,0.01194322945316939,0.6352707352004774,0.0023172837641224162,0.01283249109577522,0.03245941801579733
2023-05-10,398.37298583984375,400.0037265657887,394.5325381303641,399.3668666271847,96142900,0.004672452678236683,0.009081452463047953,0.020996067245856675,1.2331536716575349,0.006329623386451164,0.016864466679343694,0.03166041005875883
2023-05-11,397.6782531738281,397.9677215941515,395.593992205154,397.5045721216341,70157100,-0.0017439251422909363,0.008587189468197446,-0.0006789123966044475,0.9089806033582236,0.00413717547142981,0.014490746349070013,0.03140878379910149
2023-05-12,397.1572265625,399.13535915528234,394.72560320784424,398.92307247331183,70481500,-0.0013101712431340395,0.00857484191891218,-0.01043427586320167,0.9177496730879348,0.0025521757249466898,0.012638925507595582,0.031343752017252285
2023-05-15,398.5274353027344,398.9326911272858,395.84491972814425,397.76512913138123,54289400,0.0034500410633186984,0.008571791957746254,-0.006016747608748485,0.7125451128794051,0.005435431956475332,0.015490121701461065,0.031052137145283976
2023-05-16,395.8641662597656,398.3440536617969,395.8545074967587,397.4176958365766,57705500,-0.006682774652504553,0.008694949207058957,-0.00143599112293602,0.7603023000575772,-0.0011615545187093166,0.00835965001591886,0.030511240501001066
2023-05-17,400.6695861816406,401.2774699124527,396.240542315304,397.89057133669587,87287000,0.012139062667070766,0.009139662360250442,0.017670804509390514,1.126268103214297,0.009908927624190466,0.019776364022935682,0.031105080894252294
2023-05-18,404.5293273925781,404.95390074612783,400.1292303171092,400.3511463104752,97177200,0.009633227337569217,0.009272505382191307,0.03480361504755347,1.236855879800822,0.017734194000125197,0.028406339527662847,0.03552299401472353
2023-05-19,403.9406433105469,405.96701048436694,402.7151878015802,405.4363085936401,103793300,-0.001455232148001917,0.009287808511780637,0.014516439573686757,1.2960437396796791,0.014682507668778162,0.025827229390487875,0.03856118977184274
2023-05-22,404.1047058105469,405.64860605306404,402.71519853702625,403.9599716044401,60745400,0.000406154970332695,0.009288072909816071,0.01465808466232743,0.7602165986685377,0.013637437628449125,0.02518877910589863,0.04124789343830166
2023-05-23,399.5694885253906,404.0371373438998,399.1738620794214,402.45463156002285,86383500,-0.01122287669493871,0.008899189271246532,0.007689959714237693,1.088827959737182,0.0020456871769648373,0.013139564660887088,0.038803224056847205
2023-05-24,396.67474365234375,398.3440901959979,395.5071816719006,397.9581224571478,89213700,-0.007244659455179936,0.009017273261294766,-0.004262945149053676,1.1183226833216002,-0.004719584427938467,0.0055710067195488865,0.03406724653948447
2023-05-25,400.10992431640625,401.56698425113296,397.948481325118,400.1967648529363,90961600,0.008659942986118496,0.008067785842287489,0.006114669643540349,1.141669162245956,0.0035267977090939393,0.0137115478684895,0.03419498558987749
2023-05-26,405.2915954589844,406.015296007875,400.6888705691221,400.7660523374588,93830000,0.012950618886624854,0.008360070901055384,0.020481482779224347,1.1744301657451026,0.014925975184727653,0.02576008747881871,0.03685114356584339
2023-05-30,405.44598388671875,407.76181972765335,404.05647649266785,407.23111777674455,72216000,0.00038093172783293383,0.008352437821084175,0.01736028180526339,0.8982229201324647,0.013834075713247126,0.025099569035188708,0.03945848069523391
2023-05-31,403.1976318359375,404.51958655367883,401.62478488360745,403.61254634126084,110811800,-0.005545380001616751,0.008018281284749582,0.018525206879573153,1.3724622602232133,0.007424080798960949,0.018639438184523918,0.03991890551818804
2023-06-01,407.0284423828125,408.0898756082437,402.1748258336311,403.42922817894714,88865000,0.009501074025240808,0.008021800114496297,0.01587057371080114,1.1024603294478734,0.015352204622579475,0.027176932672619523,0.040896275923950245
2023-06-02,412.9145812988281,413.70580481996393,409.0837920383036,409.6144939735416,91426200,0.014461247183506831,0.008224984786360572,0.020728420261387992,1.136685279009214,0.027097430714601158,0.04031645725755161,0.044215936298242386
2023-06-05,412.123291015625,414.55491393952155,411.41887863945146,413.26190599564785,65460200,-0.001916353451878905,0.007393853063481429,0.02025705469500716,0.8253639388677771,0.022681613897055114,0.03676473450284944,0.04971092814406951
2023-06-06,413.0206604003906,413.5513622720163,411.05218697831975,411.7083644173074,64022200,0.002177429435143541,0.007386006673537982,0.022063476276427574,0.8001826783526153,0.022482864866607853,0.03743464794555332,0.054584985767678076
2023-06-07,411.59259033203125,414.5549448111663,411.1680170116852,413.41632974635155,85373300,-0.0034576238074264243,0.0073476157175606125,0.030090139892842815,1.0434647312286887,0.017112100403000978,0.03247712404888768,0.05595569447278887
2023-06-08,414.0821838378906,414.5357040524195,410.88825425486164,411.66018977227344,61952800,0.006048683976188851,0.007381385788910837,0.04388340942826252,0.7733694797006553,0.021002110138223506,0.03714732326164521,0.05928528134834141
2023-06-09,414.82513427734375,416.84184286960624,413.8312534027369,414.88302796344124,85742800,0.0017942101071992678,0.0073301266002564576,0.036777917933624504,1.060032944757941,0.020614505860761946,0.037421206344068585,0.06156129543351043
2023-06-12,418.5884094238281,418.66562064399164,415.08572330453325,415.80942389444124,76104300,0.009071955471165571,0.0074398533793210795,0.03280801801425315,0.9376138840819899,0.026951702237836807,0.044913583871024745,0.06537567366729806
2023-06-13,421.34814453125,421.9946339135943,419.38932940762055,420.05513631910844,95899700,0.006592956339189104,0.007490495198091731,0.03922140377884298,1.1519680667206615,0.030413021541782916,0.04967027290204568,0.0707536137283744
2023-06-14,421.84979248046875,423.6638729117864,418.38568333659964,421.6857702091481,100612100,0.0011905782800512021,0.007164900618144337,0.04626059076686473,1.178211723658732,0.028540492273636524,0.048825627221963576,0.07229342675648741
2023-06-15,427.0798034667969,428.33420591477267,420.9331784663069,421.0296483104209,110303100,0.012397803861833756,0.0071820878429764805,0.049262800817064134,1.2745215738778257,0.0372132071460442,0.05926041810807399,0.08018104331005749
2023-06-16,425.6250915527344,429.64443703691825,425.15052699072436,429.0730147226843,114165800,-0.0034061828778929604,0.0071612003795585395,0.030782420455885084,1.3063324383076484,0.03037519176322185,0.0533534958551078,0.08591629961465895
2023-06-20,423.41680908203125,424.56934818487565,421.3345007183217,423.6783279306225,76160400,-0.005188327743195331,0.007318541292955969,0.02740325119353204,0.8854573977885423,0.022591675126896398,0.04592413371656164,0.08823754627802749
2023-06-21,421.2474060058594,423.2328569537705,420.6565943972341,422.4289996662733,76982300,-0.005123563896471506,0.00749935877869428,0.019918484459091168,0.8866442290261003,0.015673852796841584,0.03891257756775954,0.08839339007548568
2023-06-22,422.7679443359375,422.874467164617,419.9495524578209,420.2885397836048,70637200,0.0036096087676726896,0.006813938341145193,0.027151494624553685,0.8210093270891223,0.017465958959878666,0.04092113769274596,0.08530191022899239
2023-06-23,419.5718078613281,421.3635726421897,418.85511377171673,419.3006239174076,92074500,-0.007560025582426078,0.006838842038841836,0.013257329674407403,1.0683967342099359,0.00883481972474804,0.03171449366674653,0.07623962465803853
2023-06-26,417.8575439453125,420.92773045025166,417.61541436670325,419.0003884627084,72823600,-0.004085746191465289,0.0068609980127264675,0.007310091451549594,0.8540037185203575,0.004262208664870825,0.026392309839988387,0.06827799359560126
2023-06-27,422.4386291503906,423.05846547704135,418.2836774733641,418.73888224503673,72813700,0.01096327030936095,0.006709745921825348,0.009198104008331764,0.8645413004980269,0.013797642228101986,0.03611533851235712,0.06500706366831531
2023-06-28,422.6517028808594,423.6686352436676,420.734026061951,421.3538623864424,75636000,0.0005043897876888526,0.006708142280565936,0.003093779731864199,0.8962317528573045,0.012928611710436622,0.03515065853210047,0.0606619307728177
2023-06-29,424.31756591796875,424.48222704472147,421.8284961877175,422.23525734843753,67882300,0.0039414558743158246,0.006470153913391169,0.005849886574530672,0.8253480755347847,0.015284866970130321,0.03763430318783006,0.05255660482584383
2023-06-30,429.3248596191406,430.3127378029379,427.2231615664442,427.5427892084747,104964000,0.011800816424696103,0.006618442396677143,0.0052567602919164624,1.2638373690162739,0.024605395453878857,0.04782962960762251,0.05013571253222152
2023-07-03,429.81878662109375,430.09963567460966,428.6953017365227,428.9761803468744,32793400,0.0011504737983056845,0.006014206575616468,0.009853025941351845,0.4093025995883559,0.023271395125562682,0.047021763536238846,0.051791650021465546
2023-07-05,429.1795959472656,429.9156794454101,427.9883075842431,427.9980022271676,58418400,-0.0014871166494442312,0.006000149860961897,0.013610198607202362,0.732352953897169,0.019637596676230586,0.04360404686982923,0.05097448674984807
2023-07-06,425.81878662109375,426.2449370649579,423.3006329683059,425.5863516723805,80658300,-0.007830776108435522,0.0063931478550987705,0.010852008938354807,1.0007245666557898,0.010531541283223865,0.033995098591638254,0.047922747601874406
2023-07-07,424.7437438964844,428.705010268812,424.50161428998615,424.8212419223924,86134200,-0.0025246484147397608,0.006358021114820744,0.004673484797080185,1.0681596610627913,0.007214791985105779,0.030116788089811365,0.04186789052763496
2023-07-10,425.81878662109375,425.9931128326287,423.8139465179375,424.3853688047475,62443500,0.00253103839681601,0.006276406352624382,0.014888938300235521,0.7741331533570502,0.008825970451866552,0.03140046093606723,0.037396271218255644
2023-07-11,428.5306396484375,429.02459348677553,425.60572474369303,426.5839377782571,64463800,0.006368561257859229,0.006373467624917801,0.02554242673795515,0.8098616896568316,0.013778276694177497,0.03642578037122594,0.03357255149752375
2023-07-12,431.978515625,433.39257360460454,430.9034745139641,432.3368922188444,91924500,0.008045809698441042,0.0063143964395717955,0.022582893268534576,1.1434883195002732,0.01980452902147755,0.04293381857563412,0.03506667780637336
2023-07-13,435.40716552734375,436.2013577746271,433.3636057217178,433.7994213036379,72425200,0.007937084318610399,0.006377236949695486,0.03017960784149487,0.9142770291513128,0.025174884251382056,0.049104754239788155,0.04064004605300666
2023-07-14,435.1359558105469,437.15046112494997,434.3708179806255,436.29818974063414,69815800,-0.0006228875826340685,0.006397149505992844,0.025495974622623985,0.8988078685823163,0.022147768861061377,0.04646294778982098,0.04447195128959264
2023-07-17,436.6468200683594,437.7025015489115,434.9422182723966,434.9906619251845,52680200,0.0034721659693650597,0.0058936149206214455,0.017054592309688532,0.7043291948356608,0.023192757841269077,0.04803750166123199,0.049589804987945484
2023-07-18,439.8913879394531,440.5402787355079,435.88170745330945,436.31755256939874,80668200,0.007430645826267179,0.0059529821515465495,0.023434530159890166,1.1032306835444077,0.027781332498454485,0.05351871344182485,0.05667756973996831
2023-07-19,440.8695373535156,442.06079593363415,439.8138264075879,440.6855165139013,65891700,0.0022236157398860534,0.005730321710041009,0.027237877840973423,0.9075174219843006,0.027125551845909653,0.05355337747632082,0.06245968567084926
2023-07-20,437.9446105957031,440.7726971193373,437.2279164909502,439.87198216766114,70591600,-0.006634449672731857,0.005838628203761479,0.02847648895632049,0.9765461994171705,0.018341265630187512,0.04465606281084283,0.06352492219761222
2023-07-21,437.9446105957031,439.87198216766114,437.9349455110671,439.66857203779847,71275600,0.0,0.005840795497398743,0.031079602440091447,0.9855732783638584,0.016565541950624502,0.04282984026778318,0.06443141419708255
2023-07-24,439.90106201171875,440.7146139077843,438.0608534359134,439.09717520084894,54023400,0.004467348995011999,0.005433363556139618,0.033071052365653,0.7671994452426332,0.019058403695341425,0.04554141844393307,0.06346149696186623
2023-07-25,441.10198974609375,442.36105174998073,439.58140887722743,439.6298525277362,55191200,0.0027299950786274785,0.0052156972680636755,0.02933594225133973,0.7937211250489863,0.019719370254556626,0.0464097893107336,0.06003757007328657
2023-07-26,441.16986083984375,442.6032492691783,439.1069117550979,440.16259334802396,71052900,0.000153867122179685,0.004865182605096499,0.021277320242525155,1.0231283814596832,0.017949315633681764,0.044662923439077525,0.05900556600406054
2023-07-27,438.244873046875,444.9760876219577,437.33446340359325,444.5692968966643,92194400,-0.0066300716631017,0.005241713483042731,0.0065173652254766345,1.3119158364832373,0.010122751487833795,0.03620328527065202,0.05541680621427907
2023-07-28,442.535400390625,443.3683119521668,438.2448418026871,441.5281330696249,80011800,0.009790251084788038,0.005521620916075325,0.01700490267758914,1.128817052160798,0.018071748697330147,0.04444961774921348,0.05423520093985254
2023-07-31,443.3780517578125,443.73639884087777,441.69280962360494,443.0100100324472,62040400,0.0019041445417558034,0.005029810346338318,0.01541573505195637,0.9026037345643426,0.018070124161029443,0.04453618157866755,0.05573877423170333
2023-08-01,442.1092834472656,442.85503196396667,441.15043014655225,441.9058733052999,55291500,-0.002861594762114894,0.005128713615286837,0.005041916183450734,0.7914634203948105,0.013693546631209821,0.03985291027938432,0.056005302754984165
2023-08-02,435.95916748046875,439.2424293013425,435.2037243534402,438.9809399885829,93933400,-0.01391085009308668,0.006150373510068693,-0.011137920534322276,1.3112673897524108,-0.00036896930073927113,0.024367816856010003,0.054043322398669866
2023-08-03,434.7098388671875,436.59846176003117,433.2861154936017,433.93503589193,64276100,-0.0028657009795239885,0.005877744702878451,-0.007386257645951133,0.9076433773103912,-0.0029265510587435026,0.0205745107340631,0.04926231665990963
2023-08-04,432.7436828613281,438.6419560832141,432.2206746748888,436.53059316769526,100128900,-0.004522915816635331,0.0059581446381576884,-0.011875766041053892,1.4000868754151594,-0.006732786161531967,0.015323123518253903,0.04297756029325662
2023-08-07,436.5209045410156,436.6758710264232,433.8865334027571,434.58386780867363,58357500,0.008728542620685564,0.006200900184655074,-0.007683903865212893,0.8183416219213328,0.0017521906651089437,0.023214948877966504,0.03548499822811627
2023-08-08,434.62261962890625,436.5112422778829,431.2521650523819,433.9736993143693,71361300,-0.004348668969485825,0.006199290003218513,-0.014689052119028378,0.9958764543983137,-0.0023566731450057423,0.018016172638331725,0.030415843122437516
2023-08-09,431.7170715332031,435.05847179517355,430.95193373062347,434.89381066417457,78789600,-0.006685220613193099,0.006158603530005953,-0.021426643444422022,1.1097121290151477,-0.008173532836806472,0.010766148996965416,0.03064560581113341
2023-08-10,431.8720703125,437.4798004752825,430.70017125108984,434.0802912203921,93005500,0.0003590286081260885,0.00587014912768338,-0.014541648120304118,1.2912220833122192,-0.007078190623744861,0.010687945330646547,0.03271692239099453
2023-08-11,431.6202392578125,432.6372013595299,429.3926586562478,429.9931353632694,68690900,-0.0005831149361089638,0.0058700732220115315,-0.024665057582235694,0.9544007628992646,-0.006932979008254057,0.009698733713282197,0.034695357057949565
2023-08-14,434.0027770996094,434.0027770996094,430.390222291899,430.70015528143995,47867400,0.005519986379447284,0.005958169458444127,-0.02114510319361551,0.6673073369526766,-0.001313228603361235,0.014664562149852336,0.03543058156949844
2023-08-15,428.9471435546875,432.57908768331487,428.37569166843355,432.22071103488054,75707500,-0.0116488506795005,0.006180756846135199,-0.02977123617479549,1.0590812254412274,-0.011728216057412756,0.0027330171050715083,0.03903893331162068
2023-08-16,425.7994384765625,430.19649067911223,425.6928860842807,428.5306378687395,80107200,-0.007338212004490696,0.006267877425731687,-0.023304313251679476,1.1095963073848494,-0.017203808747458738,-0.004444674176876777,0.04420655261741649
2023-08-17,422.55487060546875,427.53303945369214,422.0318624311896,427.27155014496947,95711300,-0.0076199439874844455,0.00631227184846023,-0.02796110686933939,1.3030652181341846,-0.022393641429554537,-0.011564411900103821,0.05209874988229842
2023-08-18,422.7582702636719,423.79459201752337,419.3781505964978,419.7268030238674,98852000,0.0004813567949450981,0.006320280781460098,-0.02307465826336752,1.321026100461969,-0.01987665379335777,-0.010658408589779317,0.05789893868552022
2023-08-21,425.5088806152344,426.25462916083586,421.6154471933943,423.77522436133023,68719000,0.006506343092583355,0.006441038617705266,-0.025226796268462692,0.9094086388990384,-0.01222967895107565,-0.00405653870398616,0.059689271872298215
2023-08-22,424.35626220703125,427.2908713006881,423.7945346311659,427.2908713006881,64994200,-0.0027087998881164532,0.006361050895639507,-0.023621314119915637,0.8545724494915761,-0.013504964910711436,-0.006491193124881081,0.06073546122250281
2023-08-23,429.08270263671875,429.7025685957629,425.27643244437724,425.42170429201707,68441000,0.011137906637940898,0.006991877255539025,-0.0061020725613852855,0.9014403803169339,-0.0022782619927350476,0.00439423810105931,0.058659357059427784
2023-08-24,423.1360168457031,431.203762091387,423.10693291921746,430.6904485230162,88517300,-0.013859066689179467,0.007450224374872654,-0.020228336276702286,1.168696566512442,-0.014594258615447098,-0.00915559078568673,0.0603485788137367
2023-08-25,426.1190185546875,427.40713495192443,421.30548118508113,424.8696216104319,102325100,0.0070497466304602074,0.007249768485690384,-0.012745511453736591,1.331389781559258,-0.006924117207464891,-0.00208545296593496,0.056594827170733795
2023-08-28,428.8211975097656,429.4410338891343,426.1190230158921,428.31754904739176,61595400,0.006341371394882556,0.00743661713068612,-0.011939047082766718,0.8016726535218541,-0.0005670066976392447,0.004075635543407003,0.04973370451995918
2023-08-29,435.01971435546875,435.30059295851436,428.53062945762133,428.71465031235795,83081900,0.01445478181045834,0.008250577968569537,0.014156920944752738,1.0621143044336314,0.012541136787533744,0.017847325870399167,0.043841018924165864
2023-08-30,436.8114013671875,437.4506269238515,434.65159514801195,435.3586240720865,69053900,0.004118634058627224,0.007706916997879868,0.025861853951766323,0.8970467977367897,0.015095833098817778,0.021156887981923975,0.044415057363289615
2023-08-31,436.1722412109375,438.5741477826128,435.9882203614193,437.43130323274573,66084600,-0.001463240552443179,0.0076846130637623685,0.032226277704376693,0.8574667759618501,0.012298323702487061,0.0188770481128398,0.04523528282031242
2023-09-01,436.98577880859375,439.3877148587065,435.52330670178793,438.9034557035346,58944100,0.0018651750863321048,0.007610553922988035,0.03365400406253016,0.7858130482952782,0.012818029745194134,0.019946378601837723,0.047238624149028005
2023-09-05,435.0971984863281,436.8599090757818,435.02942466122306,436.540311007373,55166200,-0.00432183474577752,0.0074265430084992584,0.022533766762353302,0.7370157982342733,0.007630777836492727,0.014919900889048954,0.04645453660754654
2023-09-06,432.1722717285156,434.39018708961373,429.838138891174,434.2836346985003,70758500,-0.006722467457818904,0.007515825891184047,0.018418508733284877,0.9457084229309484,0.0007753291810889646,0.007777130672869051,0.04564157034989294
2023-09-07,430.84539794921875,431.5233430664757,428.81150348377855,429.1601559057676,70355400,-0.0030702427390584264,0.007395573089697823,0.004108054931294625,0.9456508239635737,-0.002078958956586077,0.004498536649023953,0.04552636367837503
2023-09-08,431.4942626953125,433.03420324663375,430.53543903578844,430.8937860779607,61659700,0.0015060268699220725,0.007403559512294029,0.01975309478951126,0.8466060693684873,-0.0005212285028826227,0.005774238461990362,0.04545992156676707
2023-09-11,434.3320617675781,434.64196517344953,432.41438481227607,434.12865163508343,60180100,0.006576678573984696,0.0075465031871438425,0.019274059254026366,0.83114693805452,0.005472484812308085,0.011897273272461392,0.04626521119655618
2023-09-12,431.9494934082031,434.4095383156122,431.36840603835697,432.87929231362625,67565400,-0.005485591714502469,0.007550181265232078,0.0072951055512273655,0.9206225450835314,-3.9019573181229544e-05,0.006096021665417827,0.04566025476602077
2023-09-13,432.453125,433.61532925118615,431.0681213376737,432.17224641097573,60199300,0.0011659501851086773,0.007055922401238228,-0.005899938027570606,0.8290135532898036,0.0010194533147804966,0.006982027256375684,0.04589077497874469
2023-09-14,436.1819152832031,436.87924968605284,433.6250421773107,434.9325478772583,83430800,0.008622414933880052,0.007033547375572982,-0.001441093529184756,1.1463146810409641,0.008723530187859247,0.015041104609582412,0.04650710518606484
2023-09-15,430.9266357421875,434.9213023430874,430.48928297200206,434.5908481408062,111848900,-0.012048366419784906,0.007387567656457082,-0.012026454169083989,1.5199207377660464,-0.003104293569836321,0.0027009640674474666,0.04301714426012918
2023-09-18,431.179443359375,432.48183244197975,430.1394659967776,430.6157045608602,55752200,0.0005866604573006029,0.0073872105712388695,-0.013287241211943468,0.7804753082055866,-0.0022800533465675323,0.0031598129026283103,0.039023128627310874
2023-09-19,430.28521728515625,430.8489560404354,427.59296875309155,430.2560604296138,66514600,-0.002073907019434218,0.007300003844632658,-0.011059554549908368,0.9325771348910169,-0.003936649809739634,0.0010369812743057825,0.03692356060453616
2023-09-20,426.3294372558594,431.9666464690887,426.1253096194747,431.54872168026867,82562600,-0.009193390500969345,0.007592094594637356,-0.013519688454993295,1.143497015658186,-0.011861607718449036,-0.007848222817581426,0.03534174895682136
2023-09-21,419.28289794921875,423.7343455427682,419.12738484772433,423.47193386836017,104095800,-0.01652839023267272,0.008014371287301234,-0.026836772668424325,1.406992996784871,-0.025577486151811647,-0.023318208269769655,0.043627586943469764
2023-09-22,418.34014892578125,421.91686152279107,417.9221944600517,420.31317519118926,100829700,-0.0022484795541355407,0.00744352048095385,-0.030485025889717687,1.3516007528665135,-0.025190459527179236,-0.02453825016895422,0.04856499803007328
2023-09-25,420.09930419921875,420.13816022735995,416.6878042505996,417.1251866864549,70874500,0.00420508353777338,0.007316892591240227,-0.03276929985421084,0.9705155634137631,-0.019121016661660124,-0.019650675006891136,0.052792081651808986
2023-09-26,413.927490234375,417.75691472810615,413.0916110989526,417.0473918297549,96168400,-0.01469132155933528,0.0077522908065736015,-0.041722477856449,1.286424841882955,-0.030435149858081947,-0.03276162921923034,0.06337680119024568
2023-09-27,414.0927429199219,415.667301957409,410.4382888305996,415.1035632540751,104705800,0.00039923099925864847,0.006783749201520596,-0.042456351957401495,1.3806595086007882,-0.027264371630293962,-0.031145394122422187,0.07055286385107742
2023-09-28,416.493408203125,418.17486575562594,412.94585281051326,413.53874834610116,92258300,0.005797409696859601,0.006878893600109449,-0.04513829296956251,1.1981948302511976,-0.019605877324458332,-0.024552007036675785,0.07304383816337355
2023-09-29,415.4826354980469,419.72998517929483,413.9566909765415,419.55504406068815,115111300,-0.0024268636313811154,0.006875684421711411,-0.03583904767813051,1.4488688855805505,-0.01993307174707985,-0.02589096001549481,0.07526487506389595
2023-10-02,415.31744384765625,416.57124800501185,412.5474238232593,414.64680648403083,83798600,-0.0003975897818030427,0.006820125408831751,-0.036787466925918055,1.0385019891425158,-0.01842289513344952,-0.025273781112992923,0.07572825644567531
2023-10-03,409.7579345703125,415.37571578475433,408.3875031242602,413.13054906663035,103760600,-0.01338616848316887,0.007234905302815485,-0.04770622343095743,1.248300004120473,-0.028642602029169507,-0.036874236400387325,0.08013059468755386
2023-10-04,412.7418212890625,413.49020038088855,408.7568828162418,410.22451380445284,87453000,0.007282071845366556,0.007524589544823769,-0.03187116529943568,1.041649668726271,-0.01955507699261987,-0.028723313332129415,0.08211595254208401
2023-10-05,412.58624267578125,413.4318210422045,409.34971346962845,412.4501575928168,70142700,-0.0003769393002031052,0.007533617537016051,-0.015971687150112546,0.8355731267201986,-0.01806133287615695,-0.0279805830751499,0.08374823337501236
2023-10-06,417.48480224609375,419.0301747224433,408.7957044273052,410.12725010221135,113273300,0.011872813641442548,0.008130374408930314,-0.0020446201061119496,1.30911996174111,-0.005796687395239743,-0.015805462535832048,0.08214969187913744
2023-10-09,420.1576843261719,420.7311222733579,415.0258699966629,415.57985026561204,80374400,0.006402345823603328,0.008121215362302881,0.00013896744500541125,0.9181866982513824,0.0005143709382105104,-0.009134995536293636,0.07754327912231036
2023-10-10,422.3445129394531,424.94929081738496,420.39091470045764,420.7894114868797,78607300,0.005204780716526303,0.008205199860210349,0.020334534196586596,0.8923713366293894,0.005174073223241135,-0.0038223661149858596,0.07393424372368436
2023-10-11,424.0745544433594,424.3272372952325,421.0226652550823,423.41364596754795,62451700,0.0040962802899118245,0.008273512616666827,0.024105255873483777,0.7080633407491832,0.00839920610124983,0.00024812646558468603,0.06972974886419064
2023-10-12,421.4891662597656,425.0658785035944,419.1273722776524,424.68683942970614,81154200,-0.006096541649350584,0.008028686582518749,0.011994807020341058,0.9212970896522121,0.0020365970415595126,-0.005621808653104551,0.060297080664494025
2023-10-13,419.3898010253906,424.20088940216954,417.8152716398533,422.9956702679193,95143100,-0.004980828458782116,0.007697047755092099,0.009403920148576494,1.090445270319096,-0.002673758589037028,-0.010164159236975884,0.054781192930102036
2023-10-16,423.80242919921875,424.8715633375277,421.4017492227363,421.64473290593867,75433200,0.010521543831155222,0.008135208701110692,0.020430120326645707,0.854906103434037,0.00706965932079865,0.0002406183312533676,0.04893254265427623
2023-10-17,423.7829284667969,425.8434548063301,420.313144365616,420.6630265965554,75324700,-4.601373441559531e-05,0.008131538109176443,0.03422751022793857,0.8494357446240343,0.006350185078420254,0.00018696097973733297,0.04318368982605777
2023-10-18,418.1360168457031,422.9665334664685,417.04745473303933,422.0043276099341,93559800,-0.013325009673050503,0.008405736877865846,0.013069176125146909,1.0485708092773833,-0.006391410292304255,-0.01263173398370124,0.03931253980920351
2023-10-19,414.4621276855469,420.6728049658076,413.7817911582514,418.8552917318818,121323000,-0.00878634944645762,0.007806819664027754,0.004546649441338202,1.3467258122058827,-0.013701181741203113,-0.020488643931232373,0.03989098433131974
2023-10-20,409.369140625,414.56899671901874,409.262212394168,414.0247157104838,123919900,-0.012288184421064718,0.008232995622361934,-0.019439418099607475,1.3581470090108831,-0.02341945210862192,-0.031289477058514106,0.04368993378567518
2023-10-23,408.6596374511719,412.5376769009492,406.07428770501764,407.8334870607581,92035100,-0.0017331623305677502,0.008140017348411679,-0.02736602781272468,0.9971308750863489,-0.02277487219620704,-0.03171653647437318,0.04691289524331848
2023-10-24,411.74072265625,412.8973273809858,408.93181699300743,410.7882159237927,78564200,0.007539489890156403,0.0077295305886491816,-0.02510696826484704,0.8593792301463219,-0.013960235455616773,-0.023481159245539007,0.04777436184617097
2023-10-25,405.8312683105469,410.0786473016962,405.316144174292,410.0494904510059,94223200,-0.014352367935771881,0.008345007097303517,-0.04301905394149064,1.0366092608683501,-0.025503165735147187,-0.03607911789764574,0.05292534318356935
2023-10-26,400.9716796875,405.61752672701243,400.0483594476178,404.76224904006455,115156800,-0.011974406613066257,0.008530163456480486,-0.04867856214273514,1.2511535002985914,-0.033751465999045355,-0.04583959462799089,0.06226876692559065
2023-10-27,399.1540832519531,402.9640798283335,397.72533824344663,402.56558309414174,107367700,-0.004532979578416696,0.008550472502769198,-0.04825038120612857,1.171454499877664,-0.034625629406131765,-0.04829254114823273,0.07153473380344948
2023-10-30,403.92633056640625,404.9857358094935,400.65091543681416,401.9533043501809,86562700,0.0119559025316065,0.009098513514328542,-0.046899444796408285,0.9430358116919938,-0.0209312755169294,-0.03551782683441715,0.07518306752302499
2023-10-31,406.463134765625,406.78386019049003,402.5850948438665,404.4998075370424,79665200,0.006280363539711509,0.008786645995329901,-0.04086949364343939,0.8794353611940641,-0.013393379221915363,-0.028337952586455887,0.07645220664979956
2023-11-01,410.79791259765625,411.6143341639396,406.9004450659712,407.4350269329694,98068100,0.010664627271870009,0.008972218158697035,-0.017549562707856126,1.0762815469671225,-0.002598813573340519,-0.017282798962077777,0.07672111562731537
2023-11-02,418.6705627441406,418.8260758413125,414.5884255113766,414.6078535256142,94938900,0.01916428955712579,0.009961177400100496,0.01015396770289878,1.0279520330412342,0.014919283610237338,0.0014893922665383632,0.07734208963883736
2023-11-03,422.49029541015625,424.04539685609643,420.8574522394109,420.9838084956757,100167800,0.009123480382713156,0.009817968413260885,0.03205213457253686,1.092318001615013,0.021825869797025665,0.010205484256191685,0.07912512479737115
2023-11-06,423.46221923828125,423.909300881896,421.5086210577569,423.2483924241886,67831700,0.0023004642678985388,0.009733782992885852,0.03622227504393072,0.7447901543471108,0.021823765895807874,0.012032163837492118,0.08060342526761308
2023-11-07,424.66741943359375,425.30889989202655,422.31535408043305,423.46222990258883,64256100,0.0028460630973889955,0.009687150143656741,0.031395235074029415,0.7111330339406239,0.02232393556406085,0.014319294475525495,0.08184176518896091
2023-11-08,424.97845458984375,425.7948761919887,422.6652452198862,425.2700231402192,61746000,0.0007324205767065273,0.009647232626187156,0.047180165192804324,0.6836202934675877,0.020829535183338965,0.014462985260298433,0.08236876800985152
2023-11-09,421.6641540527344,426.1642165380997,421.23650040437826,426.1253308443145,83174400,-0.007798749563217466,0.009712535280701337,0.05160582508311107,0.919835953387122,0.011628533555496718,0.006292906414291042,0.08243942970815658
2023-11-10,428.24407958984375,428.55510577304,421.6543643464555,423.7440474151704,89462200,0.01560465947571732,0.010226755928259418,0.07287911500463973,0.9924912109387459,0.02473914116690481,0.02111497221802432,0.08694028268767433
2023-11-13,427.8359375,428.943927633025,426.1156237608668,426.9028884941221,52236100,-0.0009530595034370481,0.009989181505376515,0.05919298922669003,0.5870598043272595,0.02145086283755321,0.01933664130389998,0.08928044885584396
2023-11-14,436.1362609863281,437.4289210638544,433.57033918584983,433.79389484093616,97176900,0.01940071592589887,0.010841202414672903,0.073003241088059,1.0788827445307794,0.03719130827573966,0.03752112751914258,0.09837574669018351
2023-11-15,437.0596008300781,438.7119017300807,436.2042935247165,437.47752564394085,77327600,0.0021170902911440415,0.010264866516805676,0.06392848509467264,0.8663168727645407,0.0355028035745831,0.0381007543669427,0.10814813244199052
2023-11-16,437.5941467285156,437.9148721110953,435.54334919989805,436.6124832436495,66665800,0.0012230503515362479,0.009936418450143357,0.04519922265454235,0.770459549654375,0.033151349286099134,0.03776815478630641,0.11642031983035746
2023-11-17,438.138427734375,438.7507513076313,436.68052576418063,437.6038458819822,83133200,0.0012438032133850196,0.009297563622332779,0.03703785032275708,0.9839647613799761,0.03105488109855471,0.03746981786567697,0.12186660043465349
2023-11-20,441.5111389160156,442.3567174982884,437.8760823707205,437.88581121087014,69936200,0.007697820981101833,0.009260330226825802,0.0426222667755356,0.8387341118769477,0.035147735190711946,0.04359577019346611,0.12746044889455618
2023-11-21,440.548828125,441.38470738571004,439.2755960485925,440.4613575618605,49244600,-0.0021795844004711684,0.009314922320380576,0.0373972854159339,0.601151945638674,0.029666085556472436,0.03963649880119437,0.13160540155267927
2023-11-22,442.24969482421875,443.57154137515226,441.15143358240533,442.2108387941116,59394900,0.0038607904291965145,0.008322578932980464,0.0406402725781565,0.7408097558803549,0.03034025818145055,0.04186687353322544,0.13184757733494593
2023-11-24,442.5218505859375,442.71624938753706,441.9678703574549,442.2983245913,29737400,0.0006153893714431202,0.0074546278481796265,0.04946518771570663,0.39177297050543985,0.027941956559515303,0.040773077904491715,0.12578340736872348
2023-11-27,441.7248840332031,442.70651789043535,441.33608643233896,441.89009631858715,50506000,-0.0018009654250499274,0.007294674856348018,0.03147925467240742,0.6912797818936051,0.02354733203924012,0.037316319332758155,0.11366529825261812
2023-11-28,442.1622314453125,443.4646203412509,440.7723719885752,441.3360810451993,62115000,0.0009900900490733555,0.00716356624162061,0.03348548518160066,0.8646393010613077,0.022169760666699238,0.036784383638991024,0.10278597546407472
2023-11-29,441.85125732421875,445.45715672401076,441.4527901650775,444.31997997737403,63146000,-0.0007033032199001976,0.007244867934638551,0.013103694531076293,0.8892143993701457,0.01936835743884786,0.03459236886473189,0.09049825258149483
2023-11-30,443.5909729003906,443.9408848017652,440.6168552136203,442.69680962338475,79752700,0.003937333089663042,0.00708366980248565,0.014943893368107863,1.137739982788253,0.021108093194850814,0.037093348673046714,0.08008949686068163
2023-12-01,446.2152404785156,446.7497927155819,442.3858152693998,442.978681217379,89183400,0.0059159625385665215,0.006134084329701228,0.019701117609666197,1.2775216051637523,0.024499970572643723,0.04146321849051892,0.07654605754992898
2023-12-04,443.87286376953125,446.23465798918113,441.5888112755702,442.81345849809685,72430900,-0.005249432328829573,0.0062455812010871635,0.013088183259362118,1.058577576162234,0.017269341553848606,0.03453576381894043,0.07308567121045337
2023-12-05,443.785400390625,444.7476062747075,442.1039426420814,442.48301142132226,69793500,-0.00019704601485093232,0.006274471923784668,0.005151085157654389,1.0185717666328158,0.015418219862705375,0.03294121276712951,0.06889519973237695
2023-12-06,441.99700927734375,445.9624895836762,441.5596268220381,445.9333327307286,69124700,-0.004029855672825433,0.006433104764762266,0.003287220530144852,1.0052399952737154,0.010236500326594573,0.027618865965117603,0.06368763362601852
2023-12-07,445.3696594238281,446.0208390789402,443.48410368567227,444.0866984690036,66995400,0.007630481826106816,0.006544317221109151,0.0070547580611659555,0.9705702180072115,0.016208334284735643,0.03402219018032487,0.05840074125601628
2023-12-08,447.2843322753906,447.81888446185815,444.3782275382068,444.6212111977086,83194400,0.004299064408741948,0.006099284421460882,0.010762139051771591,1.2052295707623495,0.018580944040169287,0.036903318284103044,0.046868024416931525
2023-12-11,449.02410888671875,449.1990796776143,446.5748440862102,446.78867090966605,65002200,0.003889643534969567,0.005337060760724949,0.016524368713099147,0.9586660068318127,0.020352226706084758,0.03926811034999195,0.041961703493009476
2023-12-12,451.07489013671875,451.17208953676845,447.6731187626275,448.67421029484495,68327600,0.004567196302854626,0.005297921149295112,0.020156987769563983,0.9958924007811172,0.02257646451548542,0.04221571997665266,0.034963468073728056
2023-12-13,457.2952880859375,457.54800060597285,451.0943397950226,451.4539508974767,93278000,0.013790166744447552,0.004444762604861444,0.03495300851975691,1.3634249184839904,0.03306930928713158,0.05424852435574785,0.04301462388299834
2023-12-14,458.76287841796875,460.4346071833905,456.0803293229431,459.2391168995005,119026000,0.003209283739121771,0.004448059249080529,0.03420246678686367,1.688326545213615,0.03280583107418278,0.055246969933903954,0.05010885885001254
2023-12-15,458.007568359375,459.344542615275,456.1534111366882,458.16371199031266,141553700,-0.001646406224493191,0.004534659472530764,0.02642744310618661,1.9066065996900212,0.02805986770592929,0.05130353273409672,0.05408504505215758
2023-12-18,460.5838623046875,461.56950587867277,458.5540548031128,459.61775529658735,70375300,0.005625002998402406,0.004586879752017387,0.03764816437130292,0.9561095616050861,0.03052121914073253,0.05485023626921009,0.058896748884111304
2023-12-19,463.3846130371094,463.4626997368389,461.0522866109777,461.1303435293572,55761800,0.006080870307542563,0.004504151599430884,0.04416371658290896,0.7649377359273525,0.033167889319813286,0.05872102936965557,0.06600331848707686
2023-12-20,456.96337890625,464.41905073476056,456.5339913904281,462.5258502644597,102921000,-0.013857245040514887,0.005724708281647933,0.033860793884954,1.3617312129854866,0.017025126817713156,0.042249634514355996,0.066173927655663
2023-12-21,461.2962341308594,461.5694780045962,457.5293402486141,459.95926004653603,86667500,0.009481843457521899,0.005961880573550866,0.03576034956587604,1.1263619778509546,0.024067424665687887,0.0499854968852441,0.06886672065575414
2023-12-22,462.2233581542969,463.9116332478234,460.3204190717401,462.42828364105014,67160400,0.0020098235251895247,0.005951412016744821,0.033399394525870374,0.8521187541453472,0.023578797547220816,0.04995076257533563,0.07110022872479853
2023-12-26,464.1750793457031,465.0826362249441,462.5551227779302,462.6332094792943,55387000,0.0042224633545124846,0.005890536448543267,0.03374199772156716,0.7005707386779568,0.025176700354783116,0.05214022971165071,0.07293771241239756
2023-12-27,465.0143127441406,465.16068807154204,463.4333996455085,463.9701191064298,68000300,0.0018080104593733992,0.005882347952301041,0.030902679160874857,0.8569224346218324,0.02439312746496993,0.051813387280521164,0.07412081931782116
2023-12-28,465.1899719238281,466.02921033768064,464.77035271690187,465.3753906024884,77158100,0.00037775004956497327,0.005855892001491904,0.017263864386039884,0.9638173001595971,0.02236729624071807,0.05006073273261053,0.07373501406434885
2023-12-29,463.8432922363281,465.52179896448314,461.88177332887085,464.9948179571429,122283100,-0.0028949026608005024,0.0059714988807323295,0.011074160655454524,1.487968996321118,0.01752689974520534,0.04509380086319177,0.07239315318817766
